name,elo
jack,63.559999999999995
james,50.74999999999999
noah,127.45999999999997
matthew,56.97000000000002
matthew_m,47.559999999999995
declan,34.300000000000004
jackson,38.539999999999985
milo,51.57000000000001
mason,21.18
aidan,51.010000000000005
keegan,40.129999999999995
robert,19.480000000000008
james_s,52.49
connor,50
test, 11
