name,elo
jack,67.41999999999999
james,57.07999999999999
noah,121.62999999999997
matthew,60.670000000000016
matthew_m,44.949999999999996
declan,33.73000000000001
jackson,30.779999999999983
milo,49.03000000000001
mason,12.429999999999998
aidan,65.18
keegan,40.129999999999995
robert,18.29000000000001
james_s,53.68
connor,50
test, 11
