name,elo
jack,57.89999999999999
james,47.82999999999999
noah,119.38999999999996
matthew,58.460000000000015
matthew_m,52.1
declan,40.05000000000001
jackson,38.039999999999985
milo,55.76
mason,19.26
aidan,54.11
keegan,40.129999999999995
robert,19.480000000000008
james_s,52.49
connor,50
test, 11
