name,elo
jack,71.19
james,51.15
noah,140.99
matthew,53.600000000000016
matthew_m,48.4
declan,26.610000000000014
jackson,31.719999999999988
milo,43.57000000000001
mason,33.809999999999995
aidan,53.25000000000001
keegan,40.129999999999995
robert,6.900000000000007
james_s,53.68
connor,50
test, 11
