name,elo
jack,72.87999999999998
james,48.91
noah,126.75
matthew,55.930000000000014
matthew_m,44.91
declan,27.23000000000001
jackson,38.75999999999999
milo,41.790000000000006
mason,19.879999999999995
aidan,66.46000000000001
keegan,40.129999999999995
robert,17.690000000000005
james_s,53.68
connor,50
test, 11
