name,elo
jack,65.19999999999999
james,57.07999999999999
noah,120.34999999999997
matthew,60.670000000000016
matthew_m,47.809999999999995
declan,27.37000000000001
jackson,32.999999999999986
milo,46.17000000000001
mason,15.289999999999997
aidan,66.46000000000001
keegan,40.129999999999995
robert,21.79000000000001
james_s,53.68
connor,50
test, 11
